﻿<parameters>
  <parameter name="IIS Web Application Name" defaultValue="SAMS" tags="IisApp">
    <parameterEntry kind="ProviderPath" scope="IisApp" match="^C:\\Users\\yasha\\OneDrive\\Documents\\codecanyon--ems-employee-management-system-admin-panel-android-ios\\ems-web_source_code\\Webclient\\obj\\Release\\Package\\PackageTmp$" />
    <parameterEntry kind="ProviderPath" scope="setAcl" match="^C:\\Users\\yasha\\OneDrive\\Documents\\codecanyon--ems-employee-management-system-admin-panel-android-ios\\ems-web_source_code\\Webclient\\obj\\Release\\Package\\PackageTmp$" />
  </parameter>
  <parameter name="DefaultConnection-Web.config Connection String" description="DefaultConnection Connection String used in web.config by the application to access the database." defaultValue="Data Source=(LocalDb)\v11.0;Initial Catalog=aspnet-EMS.Web-20170213233724;Integrated Security=SSPI;AttachDBFilename=|DataDirectory|\aspnet-EMS.Web-20170213233724.mdf" tags="SqlConnectionString">
    <parameterEntry kind="XmlFile" scope="C:\\Users\\yasha\\OneDrive\\Documents\\codecanyon--ems-employee-management-system-admin-panel-android-ios\\ems-web_source_code\\Webclient\\obj\\Release\\Package\\PackageTmp\\Web\.config$" match="/configuration/connectionStrings/add[@name='DefaultConnection']/@connectionString" />
  </parameter>
  <parameter name="DataModel-Web.config Connection String" description="DataModel Connection String used in web.config by the application to access the database." defaultValue="Data Source=142.93.222.110;Initial Catalog=sams;User ID=SA;Password=@dmin123" tags="SqlConnectionString">
    <parameterEntry kind="XmlFile" scope="C:\\Users\\yasha\\OneDrive\\Documents\\codecanyon--ems-employee-management-system-admin-panel-android-ios\\ems-web_source_code\\Webclient\\obj\\Release\\Package\\PackageTmp\\Web\.config$" match="/configuration/connectionStrings/add[@name='DataModel']/@connectionString" />
  </parameter>
</parameters>